workout_id,session_date,num_exercises,total_rounds,reps_volume,time_volume_sec,amrap_sets,time_volume_min
1,2026-01-31,8,24.0,259.0,120.0,1,2.0
2,2026-02-02,6,19.0,181.0,300.0,0,5.0
3,2026-02-09,8,28.0,325.0,75.0,0,1.25
4,2026-02-13,15,47.0,359.0,450.0,0,7.5
5,2026-02-17,12,38.0,259.0,360.0,0,6.0
6,2026-02-20,10,34.0,318.0,210.0,0,3.5
7,2026-02-22,12,40.0,232.0,660.0,0,11.0
8,2026-03-02,8,28.0,322.0,90.0,0,1.5
9,2026-03-04,8,28.0,322.0,90.0,0,1.5
10,2026-03-06,13,42.0,430.0,180.0,0,3.0
11,2026-03-20,7,25.0,276.0,0.0,0,0.0
12,2026-03-22,9,32.0,286.0,270.0,0,4.5
13,2026-03-23,8,22.0,249.0,0.0,1,0.0
14,2026-03-24,13,41.0,306.0,360.0,0,6.0
15,2026-03-25,8,25.0,276.0,90.0,0,1.5
16,2026-03-26,7,23.0,288.0,90.0,0,1.5
17,2026-03-28,7,19.0,156.0,180.0,1,3.0
18,2026-04-01,11,33.0,294.0,270.0,0,4.5
19,2026-04-04,10,34.0,348.0,120.0,0,2.0
20,2026-04-08,10,32.0,206.0,435.0,0,7.25
21,2026-04-30,10,33.0,310.0,360.0,0,6.0
22,2026-05-08,11,37.0,278.0,255.0,0,4.25
23,2026-05-16,12,37.0,291.0,300.0,0,5.0
24,2026-05-23,8,30.0,311.0,90.0,0,1.5
25,2026-05-29,12,37.0,368.0,270.0,0,4.5
26,2026-06-09,12,38.0,418.0,180.0,0,3.0
27,2026-06-27,8,25.0,156.0,375.0,0,6.25
28,2026-06-29,10,35.0,343.0,270.0,0,4.5
29,2026-07-09,12,39.0,385.0,180.0,0,3.0
30,2026-07-13,8,26.0,192.0,270.0,0,4.5
31,2026-07-15,12,42.0,350.0,390.0,0,6.5
32,2026-07-21,8,27.0,252.0,90.0,0,1.5
33,2026-07-31,12,39.0,342.0,657.0,0,10.95
34,2026-08-05,12,40.0,378.0,189.0,0,3.15
35,2026-08-08,12,38.0,270.0,399.0,0,6.65
36,2026-08-17,10,34.0,187.0,399.0,0,6.65
37,2026-08-20,8,29.0,305.0,120.0,0,2.0
38,2026-08-24,10,31.0,318.0,360.0,0,6.0
39,2026-08-28,12,39.0,433.0,189.0,0,3.15
40,2026-08-31,10,31.0,303.0,90.0,0,1.5
41,2026-09-05,15,47.0,346.0,489.0,0,8.15
