exercise_id,exercise_name,exercise_body_part_focus,exercise_primary_equipment,exercise_movement_pattern,exercise_intensity_type,exercise_description,exercise_muscles_worked,exercise_key_cues_safety,exercise_non_machine_alternative,exercise_name_normalized,exercise_frequency
1,High-to-Low Woodchopper,Core,Machine (Cable),Rotation,Endurance,Diagonal rotational pull from high to low.,"Primary: Obliques, Core. Secondary: Lats, Deltoids, Glutes.",Core and shoulders initiate movement. Twist at torso while keeping hips stable. Slight bend in knees. Control return phase.,Resistance Band Woodchoppers,high-to-low woodchopper,5
2,Plank Jack to Sit Back,Core,Bodyweight,Push/Squat (Stability),Endurance,High plank with leg jacks followed by pushing hips back to heels.,"Primary: Core, Hip Flexors. Secondary: Shoulders, Chest, Triceps, Glutes, Hamstrings.",Keep hips low during jacks. No arching lower back. Controlled speed. Feel stretch in hamstrings and lats during sit-back.,Mountain Climbers,plank jack to sit back,5
3,Goblet Complex,Full Body,Kettlebell/Dumbbell,Squat/Push/Pull,Endurance,"Combined movements (squat, press, lunge) while holding weight in goblet position.","Primary: Quadriceps, Glutes, Core. Secondary: Hamstrings, Deltoids, Triceps, Upper Back.","Focus on deep core brace. Keep weight close to chest, elbows tucked, back straight. Avoid rounding lower back. Don't rush.",Bodyweight Squat to Overhead Reach,goblet complex,2
4,Alternating Renegade Row,Full Body,Dumbbell,Pull/Push (Stability),Strength,High plank position with alternating dumbbell rows.,"Primary: Upper/Mid Back, Biceps, Core. Secondary: Chest, Triceps, Shoulders, Quads, Glutes.",Keep hips level; avoid rotation. Imagine a glass of water on your lower back. Elbows close to body. Widen feet.,Plank with Shoulder Taps,alternating renegade row,6
5,Plate Snatch to Lunge,Full Body,Plate,Pull/Squat (Explosive),Power,Zipping a plate overhead and stepping into a lunge.,"Full Body (Hamstrings, Glutes, Shoulders, Core, Traps).",Zip plate up close to body. Overhead arm locked out and stable. Avoid arching lower back.,Dumbbell Snatch to Lunge,plate snatch to lunge,9
6,Plate Overhead Alternating Squat Tap,Full Body,Plate,Squat/Push (Stability),Strength,Overhead plate hold while squatting to tap a box/bench.,"Shoulders, Triceps, Core, Quads.",Keep ribs down. Biceps by ears. Light tap on bench/box.,Overhead Dumbbell Squat,plate overhead alternating squat tap,3
7,Rebound Box Jump,Lower Body,Box,Squat (Explosive),Power,Explosive jumping onto a box and immediately jumping off and back on.,"Primary: Glutes, Quads, Calves. Secondary: Hamstrings, Core.",Land softly with both feet simultaneously. Immediately jump again. Ensure box is stable. Step down if unsure.,Broad Jumps,rebound box jump,2
8,Forward Bound & Run Back,Lower Body,Bodyweight,Squat (Explosive),Power,Explosive broad jump followed by a quick backpedal run.,"Primary: Glutes, Quads, Hamstrings, Calves. Secondary: Core, Hip Flexors.","Aim for max horizontal distance. Land softly. Use high, quick steps on run back. Ensure clear space.",Burpees,forward bound & run back,4
9,Monster Walk,Lower Body,Band,Squat (Stability),Endurance,Sideways steps while maintaining a partial squat and band tension.,"Primary: Glute Medius/Minimus, Hip Abductors. Secondary: Quads, Glute Max, Core.",Maintain slight squat. Push knees/feet outward. Avoid leaning side-to-side. Small controlled sideways steps.,Lateral Lunges,monster walk,3
10,Tempo Squat,Lower Body,Barbell/Dumbbell,Squat,Strength,Squats performed with a slow controlled downward phase.,"Quads, Glutes, Adductors, Core.",Do not rush slow descent (3-4s). Knees track over toes. Avoid 'butt wink'. Keep chest proud.,Bodyweight Tempo Squats,tempo squat,2
11,Romanian Deadlift,Lower Body,Barbell/Dumbbell,Hinge,Strength,Hip hinge movement lowering weight along legs to mid-shin.,"Hamstrings, Glute Max, Lower Back, Forearms.",Hinge not squat. Weight 'shaves' legs. Stop when hamstrings are tight. Keep spine neutral.,Kettlebell Swings,romanian deadlift,2
12,Lateral Banded KB Front Rack Squat Walk,Lower Body,Kettlebell & Band,Squat,Strength,Banded side steps in a front rack kettlebell hold.,"Glute Medius, Quads, Core, Upper Back.",Resist band collapsing knees. Keep elbows up and core braced. Maintain half-squat depth.,Lateral Lunges with weights,lateral banded kb front rack squat walk,4
13,Resistance Band Sprint,Lower Body,Band,Squat (Explosive),Power,Sprinting against the tension of an anchored resistance band.,"Hip Flexors, Quads, Calves, Glutes.",Secure anchor point critical. Powerful knee drive and ball-of-foot contact. Control pull-back.,High Knees in place,resistance band sprint,7
14,Tempo Front Squat,Lower Body,Barbell / DB,Squat,Strength,Front-loaded squat with a slow 3-4s descent,Quads; Upper Back; Core,Keep elbows high; stay vertical; control the descent,N/A,tempo front squat,3
15,Squat Jump,Lower Body,Bodyweight,Squat,Power,Explosive vertical jump from a squatting position,Quads; Glutes; Calves,Soft landing; use arms for momentum; full hip extension,N/A,squat jump,5
16,Stability Ball Tuck,Core,Stability Ball,Push (Stability),Endurance,Plank with feet on ball; pulling knees to chest,Lower Abs; Hip Flexors; Shoulders,Keep back flat; don't let hips sag; control ball return,Floor Mountain Climbers,stability ball tuck,8
17,Standing Chainsaw Row,Upper Body,KB / DB,Pull,Strength,Staggered stance row with pull-start motion,Lats; Rhomboids; Obliques,Flat back; pull weight toward hip; slight torso rotation,N/A,standing chainsaw row,5
18,Close Grip Lat Pull Down,Upper Body,Machine (Cable),Pull,Strength,Pulling a narrow handle down to the upper chest,Lats; Biceps; Upper Back,Squeeze shoulder blades; don't lean back excessively,Close Grip Pull-ups,close grip lat pull down,2
19,Step Up to OH Press & Knee Drive,Full Body,DB / KB,Push / Squat,Strength,Step onto box with a press and opposite knee drive,Quads; Glutes; Shoulders; Core,Balance at the top; drive knee high; lock out the press,N/A,step up to oh press & knee drive,4
20,Gatekeeper Ball Slam,Full Body,Slam Ball,Rotation / Push,Power,Lateral shuffle into a rotational floor slam,Core; Obliques; Shoulders; Glutes,Pivot on feet; slam with whole body; catch on bounce,N/A,gatekeeper ball slam,1
21,explosive leg press,Lower Body,Leg Press Machine,Push,Power,High velocity extension with controlled eccentric return,Quads; Glutes; Calves,Explode on push; do not lock knees; maintain full back contact,Squat Jumps,explosive leg press,2
22,1.5 rep leg press,Lower Body,Leg Press Machine,Push,Hypertrophy,Full range repetition with an added half-rep at the bottom,Quads; Glutes,Control the half-rep; maintain tension; no bouncing,1.5 Rep Goblet Squats,1.5 rep leg press,5
23,tempo hip thrust,Lower Body,Barbell / Bench,Hinge,Strength,Hip thrust with 3-4s lowering phase and 1s pause at top,Glutes; Hamstrings; Core,Chin tucked; ribs down; drive through heels,Tempo Glute Bridges,tempo hip thrust,8
24,single arm double kb swing,Full Body,Kettlebells,Hinge,Power,Swinging two kettlebells using a single arm grip,Glutes; Hamstrings; Core; Forearms,Aggressive hinge; pack shoulder; resist rotation,Single KB Swings,single arm double kb swing,6
25,stiff leg deadlift with extension,Lower Body,Barbell / DB,Hinge,Strength,Hinge with near-straight legs finishing with a calf raise,Hamstrings; Glutes; Calves; Lower Back,Flat back; feel hamstring stretch; stable ankle extension,KB Stiff Leg Deadlift,stiff leg deadlift with extension,2
26,step up squat,Lower Body,Box / DB,Squat / Step,Strength,Step up onto box and immediately perform a squat on top,Quads; Glutes; Core,Full foot on box; stabilize before squatting; chest up,N/A,step up squat,7
27,weighted box step up transfer,Lower Body,Box / DB,Step,Power,Stepping up on one side and across or down the other side,Quads; Glutes; Calves,Stay light on feet; drive through heel; maintain upright posture,N/A,weighted box step up transfer,7
28,calf raises on leg press,Lower Body,Leg Press Machine,Push,Strength,Ankle extension against the weight of the leg press plate,Calves; Soleus,Full stretch at bottom; hard squeeze at top; controlled tempo,Stair Calf Raises,calf raises on leg press,8
29,Alternating Reverse Lunge,lower body,bodyweight,squat,strength,"Step backward into a lunge position alternating legs to target the glutes, quads, and hamstrings.","glutes, quadriceps, hamstrings, calves",Keep your front knee aligned over your ankle and maintain an upright torso throughout.,forward lunges,alternating reverse lunge,4
30,Half Kneeling Ball Slam,core/upper body,medicine ball,rotation/push,power,"From a half kneeling position, explosively slam a medicine ball down to the ground with rotational force.","core, shoulders, arms, obliques",Maintain a stable half kneeling position with a straight back and avoid twisting your knees or lower back.,standing ball slam,half kneeling ball slam,5
31,Single Arm Rotational Row,core/upper body,dumbbell,rotation/pull,strength,Perform a row with one arm while rotating your torso to engage the core and upper back muscles.,"latissimus dorsi, rhomboids, biceps, obliques, core","Keep your back flat, avoid jerking motions, and control the rotation to protect the spine.",single arm cable row with rotation,single arm rotational row,5
32,Assisted Transfer Push Up,upper body/core,bodyweight,push,strength,Perform push ups with assistance to reduce load while maintaining proper form.,"chest, triceps, shoulders, core",Keep your body in a straight line from head to heels and avoid sagging hips or flaring elbows.,incline push ups,assisted transfer push up,3
33,Explosive Squat,lower body,bodyweight,squat,power,Perform squats with an explosive upward jump to develop power and strength.,"quadriceps, glutes, hamstrings, calves, core","Keep your chest up, land softly with bent knees, and maintain proper knee alignment over toes.",jump squats with dumbbells,explosive squat,4
34,Seated Pull-Up,upper body,machine (cable),pull,strength,Perform pull-up motion while seated to target the back and biceps using controlled movements.,"latissimus dorsi, biceps, rhomboids, trapezius","Keep your shoulders down and back, avoid swinging, and control the movement throughout the exercise.",assisted pull-ups,seated pull-up,7
35,Half Kneeling Alternating Kettlebell Press,core/upper body,kettlebell,push,strength,"From a half kneeling position, press kettlebells overhead alternately to engage the shoulders and core.","deltoids, triceps, core, stabilizers","Maintain a tall spine, brace your core, and avoid arching the lower back during the press.",standing alternating kettlebell press,half kneeling alternating kettlebell press,8
36,Pendulum Clean,full body,dumbbell,pull/squat,power,Perform a clean movement swinging the dumbbell between legs and explosively pulling it to shoulder height.,"quadriceps, hamstrings, glutes, back, shoulders, core","Keep your back flat, engage the core, and use hip drive to generate power while maintaining control.",barbell cleans,pendulum clean,6
37,Double Dumbbell Complex,full body,dumbbell,push/pull/squat/hinge,strength,Perform a series of compound movements using two dumbbells to target multiple muscle groups in sequence.,"quadriceps, hamstrings, glutes, chest, back, shoulders, core, arms","Maintain proper form throughout each movement, engage your core, and control the dumbbells to prevent injury.",barbell complex,double dumbbell complex,6
38,Side Plank Clamshell Cable Row,core/upper body,machine (cable),rotation/pull,strength,Perform a side plank while executing clamshell movements and cable rows to engage core and upper back muscles.,"obliques, gluteus medius, rhomboids, latissimus dorsi, core stabilizers","Maintain a strong plank position, avoid sagging hips, and control the row movement to prevent shoulder strain.",side plank with clamshell and dumbbell rows,side plank clamshell cable row,1
39,Pallof Press to Overhead Lift,core/upper body,band,push/rotation,strength,Resist rotation with a Pallof press then press overhead to engage core and shoulders.,"core, shoulders, triceps, stabilizers","Keep your core tight, avoid leaning or twisting the torso, and control the overhead press movement.",single-arm cable Pallof press to overhead,pallof press to overhead lift,4
40,Inchworm,full body/core,bodyweight,hinge/push,endurance,"From standing, walk hands forward to a plank and then walk feet toward hands to engage the whole body.","core, shoulders, hamstrings, calves","Keep your core engaged, maintain a flat back, and avoid letting hips sag during the plank phase.",walkout to plank,inchworm,3
41,Snow Angel Raise,upper body,bodyweight,pull,endurance,Raise your arms overhead in a controlled arc mimicking a snow angel to strengthen shoulder muscles.,"deltoids, upper traps, rotator cuff muscles","Keep your core engaged, shoulders down, and avoid arching your lower back during the movement.",band snow angel raises,snow angel raise,4
42,Rear Delt Pull on Incline Bench,upper body,bench/dumbbell,pull,strength,Perform a pulling motion targeting the rear deltoids while lying chest-down on an incline bench.,"posterior deltoids, rhomboids, trapezius","Keep your neck neutral, control the movement, and avoid using momentum to protect the shoulder joint.",standing bent-over rear delt flyes,rear delt pull on incline bench,2
43,High Knees Sprint,full body/lower body/core,bodyweight,push,power/endurance,Run in place lifting knees rapidly and high to improve cardiovascular fitness and lower body power.,"quadriceps, hip flexors, calves, core, glutes","Maintain an upright posture, engage the core, land softly, and avoid excessive forward lean.",butt kicks,high knees sprint,8
44,Squat Thrust,full body,bodyweight,squat/hinge/push,endurance/power,"From a standing position, drop into a squat, kick feet back to a plank, return to squat, and stand up quickly.","quadriceps, glutes, hamstrings, core, shoulders, chest","Keep your back flat during plank, engage core throughout, and land softly when returning to squat.",burpees,squat thrust,5
45,Box Jump,lower body,box,squat/power,power,"Jump explosively from the ground onto a sturdy box, landing softly with bent knees.","quadriceps, glutes, hamstrings, calves, core","Land softly with knees slightly bent, engage your core, and fully extend your hips during the jump.",broad jumps,box jump,6
46,Box Step Up Transfer,lower body/core,box,push/squat,strength,Step onto a box and transfer weight from one foot to the other while maintaining balance and control.,"quadriceps, glutes, hamstrings, core stabilizers","Keep your chest up, step fully onto the box, engage your core, and control the movement to avoid losing balance.",step ups on stairs,box step up transfer,6
47,Kick Sit,core/lower body,bodyweight,rotation/push,endurance,"From a seated position, extend legs alternately in a kicking motion while engaging the core.","abdominals, hip flexors, quadriceps","Keep your back straight, engage your core throughout, and avoid jerky leg movements.",seated leg kicks,kick sit,3
48,Dip,upper body,bodyweight,push,strength,Lower and raise your body by bending and extending the arms while supporting yourself on parallel bars.,"triceps, chest, shoulders","Keep shoulders down and back, avoid locking elbows at the top, and perform controlled movements to protect joints.",bench dips,dip,6
49,Chest Press,upper body,machine (cable)/dumbbell/barbell,push,strength,Press weight away from the chest while maintaining control and stability throughout the movement.,"pectorals, triceps, deltoids","Keep shoulders retracted, maintain a neutral spine, avoid locking elbows, and control the weight on the way down.",push-ups,chest press,5
50,Alternating Chest Press,upper body,dumbbell,push,strength,Press one dumbbell at a time away from the chest while keeping the other arm in position.,"pectorals, triceps, deltoids","Keep shoulders stable, maintain a neutral spine, avoid locking elbows, and control the movement both up and down.",alternating push-ups,alternating chest press,5
51,Top Down Gorilla Row,full body/upper body/core,kettlebell/dumbbell,pull/hinge,strength,"From a hinged position, perform a rowing motion pulling the weight from the ground towards the chest with power.","latissimus dorsi, rhomboids, biceps, core, glutes, hamstrings","Maintain a neutral spine, engage the core, avoid shrugging shoulders, and control the movement throughout.",bent-over dumbbell rows,top down gorilla row,5
52,Bosu Ball Cross Body Knee Drive,core/lower body,stability ball,rotation/push,endurance,Drive knees across the body on a Bosu ball while stabilizing your core and maintaining balance.,"abdominals, obliques, hip flexors, quadriceps","Keep your core engaged, maintain control over the movements, and avoid letting hips sag or twist excessively.",cross body mountain climbers,bosu ball cross body knee drive,7
53,Inverted Row,upper body/core,bodyweight/barbell,pull,strength,Pull your chest towards a bar while keeping your body straight and supported by your heels.,"latissimus dorsi, rhomboids, biceps, rear deltoids, core","Maintain a neutral spine, engage the core, avoid sagging hips, and perform controlled pulling and lowering phases.",band assisted pull-ups,inverted row,4
54,Single Arm Push Press with OH Hold,full body/upper body/core,dumbbell/kettlebell,push,power/strength,"Drive a weight overhead with one arm using leg power, then hold the weight overhead with control.","deltoids, triceps, core, glutes, quadriceps","Maintain a tight core, avoid leaning back, keep wrist neutral, and control the overhead hold to protect the shoulder.",single arm dumbbell strict press,single arm push press with oh hold,2
55,Lunge Stance Woodchopper,core/lower body,kettlebell/dumbbell/plate,rotation,strength,Perform a controlled chopping motion from high to low while holding a weight and maintaining a lunge stance.,"obliques, abdominals, glutes, quadriceps, hamstrings","Keep core engaged, maintain upright posture in the lunge, avoid twisting the knees, and control the movement throughout.",standing woodchoppers with resistance band,lunge stance woodchopper,4
56,Forward Kick Sit,core/lower body,bodyweight,push,endurance,"From a seated position, kick one leg forward while engaging the core and maintaining balance.","abdominals, hip flexors, quadriceps","Keep your back straight, engage your core, control leg movements, and avoid leaning back excessively.",seated leg extensions,forward kick sit,8
57,Drunken Mountain Climber,core/full body,bodyweight,rotation/push,endurance,"Perform mountain climbers with an exaggerated, irregular motion to challenge core stability and coordination.","abdominals, hip flexors, shoulders, chest, quadriceps","Maintain a flat back, engage the core, avoid dropping hips, and control the foot placements to prevent injury.",regular mountain climbers,drunken mountain climber,4
58,Squat to Thrust,full body,bodyweight,squat/push,power/endurance,Perform a squat followed by an explosive thrust or jump to engage multiple muscle groups.,"quadriceps, glutes, hamstrings, core, shoulders","Keep your chest up, knees tracking over toes, engage your core, and land softly to protect joints.",jump squats,squat to thrust,3
59,Plate Overhead 1.5 Rep Squat,full body/lower body/upper body,plate,squat/push,strength/hypertrophy,"Perform a full squat with a plate held overhead, adding a half squat at the bottom before standing up.","quadriceps, glutes, hamstrings, shoulders, core","Keep the plate stable overhead, maintain a neutral spine, knees tracking over toes, and engage your core throughout.",dumbbell overhead 1.5 rep squats,plate overhead 1.5 rep squat,7
60,Single Arm Dumbbell Row on Bench,upper body/core,dumbbell/bench,pull,strength,Row a dumbbell towards your hip while supporting your body on a bench with the opposite arm.,"latissimus dorsi, rhomboids, biceps, rear deltoids, core","Keep your back flat, engage your core, avoid twisting your torso, and control the weight throughout the movement.",banded single arm row,single arm dumbbell row on bench,6
61,Double Dumbbell Clean,full body,dumbbell,hinge/pull,power,Explosively lift two dumbbells from the ground to the shoulders in a fluid motion.,"glutes, hamstrings, quadriceps, calves, traps, deltoids, core","Maintain a flat back, engage the core, use legs and hips for power, and avoid pulling with the arms alone.",kettlebell cleans,double dumbbell clean,7
62,Chameleon Sit Back with Alternating Knee Tap,core,bodyweight,rotation,endurance,Sit back with control while reaching across the body to tap alternating knees.,"abdominals, obliques, hip flexors","Maintain a slow and controlled movement, keep the core engaged, and avoid rounding the lower back excessively.",seated Russian twists,chameleon sit back with alternating knee tap,2
63,Side Plank Reach Through,core/upper body,bodyweight,rotation,endurance,"From a side plank position, reach the top arm under the body and extend it back overhead with control.","obliques, shoulders, transverse abdominis, glutes","Keep the body in a straight line, engage the core, avoid sagging hips, and move with controlled range of motion.",side plank with thread the needle,side plank reach through,4
64,Stability Ball Deadbug,core,stability ball,push,endurance,Perform deadbug movements while balancing the lower back on a stability ball to engage the core.,"abdominals, transverse abdominis, hip flexors","Keep the lower back in contact with the ball, move limbs slowly and controlled, and maintain core engagement throughout.",floor deadbug,stability ball deadbug,4
65,Hip Thrust,lower body/core,bodyweight/bench/barbell,hinge,strength/hypertrophy,Lift your hips towards the ceiling while keeping your upper back supported on a bench and feet flat on the floor.,"glutes, hamstrings, core","Keep chin tucked, core engaged, drive through heels, and avoid hyperextending the lower back.",glute bridge,hip thrust,21
66,Suitcase Dumbbell Box Step Up,lower body/core,dumbbell/box,squat/push,strength/hypertrophy,"Step onto a box with one leg while holding dumbbells at your sides like suitcases, then step down controlled.","quadriceps, glutes, hamstrings, core, calves","Maintain upright posture, engage the core, ensure full foot contact on box, and avoid locking the knee on the stepping leg.",bodyweight box step ups,suitcase dumbbell box step up,5
67,Crunch,core,bodyweight,rotation,endurance,Lift your upper back off the floor by contracting your abdominal muscles while keeping your lower back grounded.,"rectus abdominis, obliques","Avoid pulling on the neck, keep chin slightly tucked, engage the core, and move in a controlled manner.",stability ball crunches,crunch,2
68,Lunging Landmine Switch,lower body/core,barbell,rotation/squat,endurance,This exercise combines lunges with a rotational landmine press to engage lower body and core muscles.,"quadriceps, glutes, hamstrings, core, shoulders","Keep your core tight, maintain an upright torso, ensure front knee tracks over toes, and control the landmine movement.",bodyweight alternating lunges with medicine ball rotational presses,lunging landmine switch,4
69,Plate Halo Snatch,full body/core,plate,rotation/pull,power,The plate halo snatch involves moving a weight plate around the head with a quick snatch motion to build power and coordination.,"shoulders, core, upper back, hips, quadriceps","Keep the core engaged, control the plate around the head, avoid excessive neck strain, and maintain a strong hip drive.",dumbbell halo snatch,plate halo snatch,3
70,Squat Chest Throw,full body,plate,squat/push,power,This exercise combines a squat with a forward chest throw to develop explosive leg and upper body power.,"quadriceps, glutes, chest, shoulders, core","Keep your chest up, drive through the heels during the squat, control the throw to avoid injury, and engage the core.",medicine ball chest throws,squat chest throw,6
71,Squat Thrust to High Knee,full body,bodyweight,hinge/squat,endurance,This exercise combines a squat thrust with a high knee drive to improve cardiovascular endurance and full-body coordination.,"quadriceps, hamstrings, glutes, core, hip flexors, shoulders","Maintain a neutral spine during the thrust, land softly to protect joints, keep core engaged, and drive knees actively.",burpees with high knees,squat thrust to high knee,4
72,Alternating Kneel to Knee Drive,lower body/core,bodyweight,hinge/squat,endurance,This exercise transitions from kneeling to driving the knee up to engage the lower body and core dynamically.,"glutes, hip flexors, quadriceps, core","Keep the core braced, maintain a straight posture, land softly, and control the knee drive to avoid hip flexor strain.",high knees in place,alternating kneel to knee drive,5
73,Alternating Jumping Lunge,lower body,bodyweight,squat,power,"This plyometric exercise involves jumping to switch lunging legs, building explosive lower body strength and coordination.","quadriceps, glutes, hamstrings, calves, core","Land softly with knees slightly bent, keep the front knee aligned with toes, maintain an upright torso, and control the landing to protect the joints.",static lunges with explosive knee drive,alternating jumping lunge,9
74,Bear Sit Back with Knee Drive,core/lower body,bodyweight,rotation/hinge,endurance,This exercise involves sitting back from a bear crawl position and driving the knee forward to engage the core and hip flexors.,"core, hip flexors, glutes, shoulders","Maintain a neutral spine, control the sit back movement, keep hips square, and engage the core to protect the lower back.",bird dog with knee drive,bear sit back with knee drive,2
75,Squat Press,full body,dumbbell,squat/push,strength,A compound movement combining a squat with an overhead press for total body strength.,"quadriceps, glutes, shoulders, triceps, core","Maintain a neutral spine, keep knees aligned with toes during the squat, and press overhead with control.",bodyweight squat to shoulder press with dumbbells,squat press,5
76,Incline Press,upper body,bench,push,hypertrophy,A pressing movement targeting the upper chest and shoulders performed on an incline bench.,"upper chest, anterior deltoids, triceps","Keep wrists straight, control the weight throughout the movement, and avoid arching the lower back excessively.",Incline push-ups or incline dumbbell press,incline press,16
77,Kayak Lat Pulldown,upper body/core,machine (cable),pull/rotation,strength,A pulldown variation mimicking kayak rowing that targets the back and core muscles.,"latissimus dorsi, rhomboids, biceps, obliques, core","Engage your core to avoid excessive swinging and maintain a controlled, smooth pulling motion.",Resistance band rows with torso rotation,kayak lat pulldown,5
78,Narrow Stance Dumbbell Power Clean,full body,dumbbell,pull/push/hinge,power,An explosive movement using dumbbells to develop strength and power with a narrow stance.,"hamstrings, glutes, quadriceps, deltoids, traps, core","Keep a flat back, engage core, and use controlled explosive hip extension to avoid injury.",Kettlebell swings or barbell power cleans,narrow stance dumbbell power clean,7
79,High to Low Woodchopper,core/upper body,machine (cable),rotation,strength,A rotational movement targeting the obliques and core using a cable machine from a high to low position.,"obliques, abs, shoulders, and back","Keep your core engaged, avoid twisting the lower back, and control the movement throughout the exercise.",dumbbell woodchopper,high to low woodchopper,3
80,Tall Kneeling Supinating Dumbbell Curl to Arnold Press,upper body/full body,dumbbell,push/pull,strength,A combination movement that targets the biceps and shoulders by curling and pressing dumbbells from a tall kneeling position.,"biceps, deltoids, core","Maintain a tall posture to protect the lower back, control the dumbbells throughout, and avoid using momentum.",standing supinating dumbbell curl to Arnold press,tall kneeling supinating dumbbell curl to arnold press,8
81,Squat,lower body/core,bodyweight,squat,strength,A fundamental lower body exercise that involves bending the knees and hips to lower the body and then standing back up.,"quadriceps, hamstrings, glutes, core","Keep your chest up, knees aligned with toes, and avoid letting your heels lift off the ground.",goblet squat with dumbbell or kettlebell,squat,34
82,Side to Side Single Arm Kettlebell Swing,full body/core,kettlebell,hinge/pull,power,"A dynamic kettlebell exercise swinging the weight from side to side to engage the hips, core, and shoulders.","glutes, hamstrings, core, shoulders, back","Maintain a flat back, hinge at the hips, keep the core tight, and control the kettlebell’s path throughout the movement.",dumbbell side to side swing,side to side single arm kettlebell swing,4
83,Resistance Band Seated Hip Abduction,lower body,band,pull,endurance,A hip abduction exercise performed seated using a resistance band to target the outer thigh and glutes.,"gluteus medius, gluteus minimus, hip abductors","Keep your back straight, avoid leaning, and move the leg slowly and controlled to maintain tension on the band.",side lying hip abduction,resistance band seated hip abduction,4
84,Kettlebell Contralateral Squat,lower body/core,kettlebell,squat,strength,A squat variation performed while holding a kettlebell opposite to the working leg to challenge stability and strength.,"quadriceps, glutes, hamstrings, core","Keep your chest up, maintain a neutral spine, and ensure the knee tracks over the toes during the squat.",dumbbell contralateral squat,kettlebell contralateral squat,2
85,Dumbbell Pendulum Clean,full body,dumbbell,hinge/pull,power,An explosive movement swinging a dumbbell between the legs and then cleaning it to the shoulder in one fluid motion.,"hamstrings, glutes, lower back, shoulders, traps, core","Maintain a flat back, hinge at the hips, keep the core engaged, and use controlled explosive movement to avoid jerking.",kettlebell pendulum clean,dumbbell pendulum clean,6
86,Single Leg Deadlift,lower body/core,bodyweight,hinge,strength,A balance and strength exercise that involves hinging at the hips while standing on one leg.,"hamstrings, glutes, core, lower back","Keep the back flat, hinge from the hips, engage the core, and maintain balance throughout the movement.",dumbbell or kettlebell single leg deadlift,single leg deadlift,6
87,Lateral Step Over,lower body/core,box,squat,endurance,A lateral movement where you step over a box to engage the hips and legs.,"glutes, hip abductors, quadriceps, core","Maintain an upright posture, engage the core, and step deliberately to avoid slipping or twisting.",lateral stepping with bodyweight,lateral step over,4
88,Push Up,upper body/core,bodyweight,push,strength,A bodyweight exercise that involves lowering and raising the body using arm strength while maintaining a plank position.,"pectorals, triceps, shoulders, core","Keep your body in a straight line, engage your core, and avoid letting your hips sag or rise too high.",bench press,push up,3
89,Pull Up,upper body/core,bodyweight,pull,strength,An upper body exercise involving pulling the body up toward a bar using arm and back strength.,"latissimus dorsi, biceps, shoulders, core","Engage the scapula, avoid swinging, keep the body straight, and maintain controlled movement.",lat pulldown machine,pull up,5
90,Kettlebell Halo,core/upper body,kettlebell,rotation,endurance,A controlled movement where a kettlebell is circled around the head to improve shoulder mobility and core stability.,"shoulders, core, upper back","Keep the core engaged, control the kettlebell path, and avoid excessive neck movement.",dumbbell halo,kettlebell halo,1
91,Front Squat,lower body,barbell,squat,strength,A squat variation where the barbell is held at the front shoulders to target the quads and core.,"quadriceps, glutes, core, hamstrings","Keep the chest up, elbows high, core engaged, and knees tracking over toes.",bodyweight squat,front squat,7
92,Prisoner Squat to Heel Tap,lower body/core,bodyweight,squat,endurance,A bodyweight squat with hands behind the head followed by heel taps to engage balance and core.,"quadriceps, glutes, hamstrings, core","Keep chest lifted, knees aligned over toes, and engage core during heel taps to maintain balance.",bodyweight squat,prisoner squat to heel tap,8
93,Single Arm Deadlift,lower body/core,dumbbell,hinge,strength,A unilateral deadlift performed with one arm to target posterior chain and core stability.,"hamstrings, glutes, lower back, core, forearms","Keep a neutral spine, engage the core, hinge at the hips, and avoid rounding the back.",bodyweight single leg hip hinge,single arm deadlift,4
94,Lateral Lunge,lower body,bodyweight,squat,strength,A side lunge movement targeting the legs and glutes with lateral motion.,"quadriceps, glutes, hamstrings, adductors","Keep chest up, knee tracking over toes, and control the lateral step to maintain balance.",step out to side and sit back into a chair,lateral lunge,4
95,Alternating Single Arm Double Kettlebell Swing,full body/core,kettlebell,hinge,power,A dynamic kettlebell swing alternating one arm at a time while holding two kettlebells.,"glutes, hamstrings, core, shoulders, back, forearms","Maintain a neutral spine, use hip drive for power, keep core engaged, and control the arm switches.",single kettlebell swing,alternating single arm double kettlebell swing,6
96,Skaters,full body,bodyweight,power,power,Skaters mimic a speed skater's lateral jump to enhance explosive lateral movement and balance.,"glutes, quadriceps, hamstrings, calves, core",Land softly on the balls of your feet with knees slightly bent; engage core and avoid letting your knees collapse inward.,lateral jumps,skaters,5
97,Front Rack Walking Lunges to Knee Drive,full body,barbell,squat,power,A dynamic lunge movement with a barbell in front rack position followed by a knee drive for balance and core engagement.,"quadriceps, glutes, hamstrings, core, hip flexors","Maintain a tight core, keep the front knee aligned over toes, and control the knee drive to prevent loss of balance.",bodyweight walking lunges with knee drive,front rack walking lunges to knee drive,8
98,Plank,core,bodyweight,push,endurance,"A static hold exercise where the body is maintained in a straight line from head to heels, supported by the forearms and toes.","Transverse abdominis, rectus abdominis, obliques, glutes, shoulders",Keep hips level and avoid sagging or piking; squeeze glutes and brace core throughout; keep neck neutral by gazing at the floor.,Dead Bug,plank,3
99,Kettlebell Swing,full body,kettlebell,hinge,power,An explosive hip hinge movement that swings the kettlebell from between the legs to chest height using hip drive.,"glutes, hamstrings, core, shoulders, back","Hinge at the hips not the back, keep arms relaxed, drive through the heels, maintain a neutral spine, and use hip snap to propel the kettlebell.",dumbbell swing,kettlebell swing,1
